Pregunta,respuesta,respuesta esperada,tokens_used,cost_estimated,latency_sec
¿Qué es un agente inteligente en el contexto de la inteligencia artificial y cuáles son sus características principales?,El contexto proporcionado no define ni describe las características de un agente inteligente en inteligencia artificial.,"Un agente inteligente es un sistema que percibe su entorno, toma decisiones y actúa para alcanzar objetivos. Sus principales características son autonomía, capacidad de adaptación y aprendizaje.",646,0.01938,1.53
¿Cuáles son las principales categorías de aprendizaje automático y en qué se diferencian?,El contexto no proporciona detalles específicos sobre las principales categorías de aprendizaje automático ni en qué se diferencian. Solo menciona que los métodos de aprendizaje automático buscan comprender las relaciones entre variables y que se pueden clasificar en tres categorías según el tipo de técnica.,"Supervisado, no supervisado y por refuerzo; difieren por el tipo de datos y el enfoque de entrenamiento.",628,0.01884,2.73
"¿Para qué sirve el test de Turing y cómo se desarrolla conceptualmente el ""juego de imitación""?","El test de Turing, propuesto por Alan Turing en 1950, sirve para determinar si una máquina puede exhibir comportamiento inteligente indistinguible del de un humano. Se desarrolla conceptualmente como un ""juego de imitación"" donde un interrogador interactúa con un humano y una máquina sin saber cuál es cuál, y debe identificar quién es la máquina basada en las respuestas proporcionadas.",Evalúa si una máquina puede simular inteligencia humana; el juego ocurre cuando un juez interactúa con máquina y humano sin saber cuál es cuál.,638,0.01914,2.69
¿Cuáles son los principales desafíos éticos y legales en la implementación del aprendizaje automático en medicina?,"Los principales desafíos éticos en la implementación del aprendizaje automático en medicina incluyen el riesgo de que médicos y usuarios confíen ciegamente en las decisiones de un modelo. Además, existen preocupaciones legales relacionadas con la evaluación y precertificación de software médico, como lo demuestra el programa piloto de la FDA.","Privacidad de datos, sesgo algorítmico, transparencia y responsabilidad legal.",687,0.02061,2.13
¿Qué tipo de retroalimentación académica puede proporcionar ChatGPT según el estudio presentado y cuáles son sus limitaciones?,"ChatGPT puede proporcionar retroalimentación académica en tareas asociadas específicamente a la retroalimentación académica en un contexto universitario latinoamericano. Sin embargo, para evaluar su impacto real en el rendimiento estudiantil, se sugiere la implementación de diseños experimentales que analicen la mejora en la calidad de los trabajos tras su intervención. Además, es esencial actualizar periódicamente los estudios sobre su uso e impacto educativo debido a la evolución constante de estas tecnologías.",Ofrece explicaciones rápidas y sugerencias; limitado por falta de personalización y posibles errores.,579,0.01737,2.16
¿Cómo influye la frecuencia de uso de ChatGPT en la percepción de su efectividad educativa?,El contexto proporcionado no especifica cómo influye la frecuencia de uso de ChatGPT en la percepción de su efectividad educativa. Solo se menciona que el estudio investiga la relación entre el uso de ChatGPT y la percepción de efectividad de la retroalimentación académica.,"Más uso mejora la percepción y confianza, pero puede generar dependencia.",564,0.01692,1.73
¿Qué papel juega la inteligencia artificial en la reducción de la carga clínica y el acceso a sistemas de salud?,"La inteligencia artificial ayuda a reducir la carga clínica y mejorar el acceso a los sistemas de salud al simplificar la atención médica, reducir costos y disminuir el tiempo de diagnóstico mediante el uso de información clínica almacenada electrónicamente.","Automatiza tareas, reduce errores y agiliza procesos clínicos.",698,0.02094,0.91
¿Cuáles son algunas aplicaciones concretas del aprendizaje automático en el diagnóstico y tratamiento médico?,"El aprendizaje automático se utiliza para predecir pronósticos, proveer diagnósticos y tamizar pacientes por riesgo. También ayuda a los médicos en la toma de decisiones y agiliza los sistemas de salud mediante el reconocimiento de patrones y la integración de datos electrónicos de los pacientes.","Diagnóstico de imágenes, predicción de enfermedades y personalización de tratamientos.",672,0.02016,1.12
"¿Cómo se define la inteligencia artificial simbólica y la conexionista, y cuáles son sus diferencias esenciales?",El contexto proporcionado no incluye una definición específica de la inteligencia artificial simbólica y la conexionista ni sus diferencias esenciales.,Simbólica usa reglas explícitas; conexionista emplea redes neuronales y aprendizaje de datos.,622,0.01866,1.02
¿Qué limitaciones presenta la inteligencia artificial actual según el análisis histórico y teórico?,El contexto proporcionado no ofrece detalles específicos sobre las limitaciones de la inteligencia artificial actual desde un análisis histórico y teórico.,"Dificultad para explicar decisiones, dependencia de datos y comprensión limitada.",654,0.019620000000000002,0.91
"¿Cómo afectan el aprendizaje supervisado, no supervisado y por refuerzo al desarrollo de modelos predictivos en medicina?","El aprendizaje supervisado permite desarrollar modelos predictivos precisos mediante el uso de datos etiquetados, lo cual es útil en medicina para diagnósticos. El aprendizaje no supervisado ayuda a descubrir patrones sin etiquetar, facilitando la investigación de nuevos descubrimientos médicos. El aprendizaje por refuerzo optimiza decisiones en tiempo real, mejorando tratamientos personalizados.","Supervisado precisa resultados, no supervisado detecta patrones ocultos y por refuerzo optimiza decisiones.",663,0.01989,3.24
¿Cuáles son los riesgos de una sobredependencia tecnológica en el uso de agentes inteligentes en la educación?,"La sobredependencia tecnológica en la educación, especialmente con agentes inteligentes, puede influir directamente en las prácticas educativas y determinar el aprendizaje del alumnado. Esto puede incurrir en sesgos cognitivos y culturales, afectando las capacidades de los usuarios.",Menor pensamiento crítico y exceso de confianza en tecnología.,568,0.01704,2.26
¿Qué importancia tiene la explicación pedagógica y la ética en la implementación de ChatGPT en la educación universitaria?,"La explicación pedagógica es importante para resaltar la utilidad de ChatGPT en diversos campos científicos, mientras que la ética es esencial para evaluar su implementación y revisar continuamente su impacto en el desarrollo estudiantil. Esto asegura una integración responsable y efectiva en entornos educativos.",Facilita comprensión y asegura el uso responsable en procesos educativos.,591,0.01773,1.47
¿Qué pruebas y análisis estadísticos se utilizaron para evaluar la percepción y el uso de ChatGPT en el estudio presentado?,El contexto proporcionado no especifica las pruebas y análisis estadísticos utilizados para evaluar la percepción y el uso de ChatGPT en el estudio.,"Encuestas, análisis descriptivos y pruebas comparativas.",548,0.01644,1.02
"¿Cómo aborda el documento ""Computing Machinery and Intelligence"" de Alan Turing la pregunta sobre la capacidad de las máquinas para pensar?","El documento ""Computing Machinery and Intelligence"" de Alan Turing aborda la pregunta sobre la capacidad de las máquinas para pensar proponiendo la prueba de Turing como sustituto de la pregunta ""¿Pueden pensar las máquinas?"".","Plantea si la máquina puede imitar el comportamiento humano, no si realmente piensa.",605,0.01815,1.88
¿Qué diferencia hay entre el preentrenamiento y el ajuste fino (fine-tuning) en los LLMs?,"El preentrenamiento utiliza una gran cantidad de datos y toma mucho tiempo, mientras que el ajuste fino es más rápido y utiliza menos datos. El ajuste fino adapta un modelo pre-entrenado a una nueva tarea o conjunto de datos, modificando ciertos parámetros para optimizarlo.",El preentrenamiento aprende patrones generales; el ajuste fino adapta a tareas específicas.,631,0.01893,1.39
¿Para qué tareas de calidad del dato se usan habitualmente los LLMs en las organizaciones?,"Los LLMs se utilizan en las organizaciones para tareas de calidad del dato, aunque se han identificado problemas de fiabilidad y coste computacional. Las tareas específicas no se detallan en el contexto proporcionado.","Limpieza, validación, enriquecimiento y deduplicación de datos.",548,0.01644,1.2
¿Cuáles son las principales arquitecturas en las que se categorizan los LLMs modernos?,El contexto no proporciona detalles específicos sobre las principales arquitecturas en las que se categorizan los LLMs modernos.,"Autoregresiva, encoder-decoder y sólo encoder (ej. GPT, BERT, T5).",587,0.01761,2.09
¿Cómo se define la “ventana de contexto” de un modelo de lenguaje y por qué es relevante?,"La ""ventana de contexto"" de un modelo de lenguaje es el límite máximo de cada consulta que se puede presentar al LLM. Es relevante porque esta limitación puede afectar el procesamiento de textos largos, lo que podría resultar en la pérdida de información relevante.",Es la cantidad máxima de texto que el modelo procesa; limita la información por respuesta.,572,0.01716,1.43
¿Qué función cumple el RLHF (Reinforcement Learning from Human Feedback) en modelos como ChatGPT?,"El RLHF en modelos como ChatGPT mejora la ejecución de tareas, reduce respuestas no deseadas y personaliza las conversaciones con humanos, alineando mejor las respuestas con las expectativas de los usuarios.",Ajusta respuestas del modelo usando retroalimentación humana para utilidad y seguridad.,613,0.01839,1.96
¿Cuál es el objetivo principal de la ingeniería de prompts?,"El objetivo principal de la ingeniería de prompts es optimizar las instrucciones que se proporcionan a los modelos de lenguaje, asegurando que sean concisas, alineadas con la tarea y cuenten con suficiente contexto.",Mejorar la calidad y precisión de las respuestas de los modelos de lenguaje.,587,0.01761,1.32
¿Por qué es importante la reducción de información personal identificable (PII) en los conjuntos de datos de entrenamiento?,"La reducción de información personal identificable (PII) en los conjuntos de datos de entrenamiento es importante para proteger la privacidad y evitar que los modelos aprendan y divulguen datos personales. Además, ayuda a cumplir con normativas de privacidad y a prevenir el uso indebido de información sensible.","Evita riesgos legales, protege privacidad y cumple regulaciones.",598,0.01794,1.21
¿Cuáles son los principales retos éticos relacionados con el uso de LLMs en el tratamiento de datos?,El contexto proporcionado no menciona directamente los retos éticos relacionados con el uso de LLMs en el tratamiento de datos. Se centra en la viabilidad y aplicación de LLMs para mejorar la calidad de los datos transaccionales.,"Sesgo, privacidad, transparencia y responsabilidad.",612,0.01836,1.99
¿Qué tipo de técnicas se recomiendan para mejorar la calidad de un prompt?,"Se recomienda que los prompts sean concisos, alineados con la tarea y proporcionen suficiente contexto. También se sugiere incluir ejemplos para demostrar el formato deseado y evitar sesgos utilizando un lenguaje neutro. Además, se pueden aplicar técnicas, estrategias y buenas prácticas para mejorar su calidad.","Definir bien el contexto, usar instrucciones claras y ejemplos específicos.",606,0.01818,1.84
¿En qué consiste el método de imputación de datos y qué papel pueden jugar los LLMs en él?,El contexto proporcionado no menciona específicamente el método de imputación de datos ni el papel de los LLMs en él.,Consiste en rellenar valores faltantes; los LLMs pueden sugerir valores posibles.,626,0.01878,1.2
¿Por qué la “explicabilidad” es un desafío en los grandes modelos de lenguaje?,"El contexto proporcionado no menciona específicamente por qué la ""explicabilidad"" es un desafío en los grandes modelos de lenguaje.",Es difícil interpretar cómo llegan a una respuesta debido a su complejidad interna.,586,0.017580000000000002,1.72
¿De qué forma se determina la calidad de los datos y cuáles son sus dimensiones básicas?,"La calidad de los datos se determina mediante características conocidas como dimensiones de calidad, que nos ayudan a evaluar si los datos son suficientemente buenos o requieren correcciones. Una de las dimensiones básicas es la precisión, que indica que los datos representan la realidad con exactitud, como en el caso de nombres o direcciones.","Mediante exactitud, integridad, consistencia, validez y actualidad.",571,0.01713,2.05
¿Qué diferencia hay entre un benchmark basado en pruebas humanas y uno automatizado para evaluar LLMs?,El contexto no proporciona información específica sobre las diferencias entre un benchmark basado en pruebas humanas y uno automatizado para evaluar LLMs.,"Pruebas humanas usan evaluadores, automatizadas emplean métricas de software.",592,0.01776,1.56
¿Qué impacto puede tener la mala calidad del dato en el análisis y toma de decisiones?,"La mala calidad del dato puede afectar negativamente el análisis y la toma de decisiones objetivas en organizaciones, empresas y gobiernos. Sin datos de calidad, los servicios y decisiones de negocio pueden no ser fiables ni precisos.",Genera resultados incorrectos y decisiones deficientes.,586,0.017580000000000002,1.67
¿Cuáles son dos limitaciones principales al implementar LLMs para tareas de calidad del dato en entornos reales?,"Dos limitaciones principales al implementar LLMs para tareas de calidad del dato en entornos reales son los problemas de fiabilidad y el elevado coste computacional. Además, pueden surgir errores esporádicos y limitaciones de efectividad en datos privados o de dominios muy específicos.",Requerimientos computacionales altos y poca adaptabilidad a nichos específicos.,606,0.01818,8.96
¿Cómo define la Unión Europea a un “sistema de inteligencia artificial” en el contexto regulatorio?,"El contexto proporcionado no incluye una definición específica de ""sistema de inteligencia artificial"" por parte de la Unión Europea.","Software que genera resultados como predicciones, recomendaciones o decisiones que influyen en el entorno.",641,0.01923,1.39
¿Qué papel juega la explicabilidad en la regulación y aceptación social de los sistemas de IA?,"La explicabilidad es crucial para la regulación y aceptación social de los sistemas de IA, ya que permite controlar y asumir responsabilidad sobre sus acciones, especialmente ante comportamientos autónomos y poco transparentes. Esto es esencial para proteger los derechos fundamentales y garantizar una participación democrática informada.",Permite confianza y cumplimiento legal en los sistemas de IA.,650,0.0195,2.2
¿Cuál es la diferencia entre IA estrecha (débil) e IA fuerte según la literatura jurídica?,"El contexto proporcionado no hace referencia específica a las diferencias entre IA estrecha (débil) e IA fuerte. Por lo tanto, no se puede ofrecer una respuesta basada en la información proporcionada.",La estrecha resuelve tareas específicas; la fuerte busca replicar inteligencia humana general.,604,0.01812,1.4
¿Por qué la autonomía de los sistemas de IA puede suponer un reto legal y ético?,"La autonomía de los sistemas de IA puede suponer un reto legal y ético porque el marco jurídico actual no permite que las decisiones algorítmicas sean trazables o explicables. Además, los avances tecnológicos son imprevisibles, complicando la creación de una regulación adecuada. Esto plantea desafíos para garantizar la igualdad y la no discriminación en su uso.",Complica la responsabilidad y plantea dilemas éticos de control humano.,642,0.01926,2.48
¿Qué derechos fundamentales pueden verse afectados por el uso de inteligencia artificial en procesos judiciales?,El uso de inteligencia artificial en procesos judiciales puede afectar el derecho a la tutela judicial efectiva. Esto se debe a la posibilidad de decisiones erróneas o sesgadas cuando la IA asiste o sustituye a los jueces.,"Privacidad, seguridad de datos y derecho a un proceso justo.",651,0.019530000000000002,1.55
¿Cuáles son las cuatro categorías de riesgo para sistemas de IA en la regulación europea?,El contexto proporcionado no menciona específicamente las cuatro categorías de riesgo para sistemas de IA en la regulación europea.,"Inaceptable, alto, limitado y mínimo.",610,0.0183,0.74
"¿Qué obligaciones de transparencia existen para los sistemas de IA generativa, según la regulación de la UE?","La regulación de la UE sobre IA se centra en la transparencia para asegurar que los sistemas sean comprendidos por todas las partes interesadas, incluyendo desarrolladores, usuarios y afectados. Busca proporcionar información clara sobre la estructura, operación y efectividad del sistema para fomentar la participación pública.","Comunicar la artificialidad, proteger autoría y prevenir usos maliciosos.",659,0.01977,2.51
¿Qué se entiende por “censura algorítmica” y cómo puede afectar la libertad de expresión?,"La censura algorítmica es el fenómeno por el cual los sistemas de inteligencia artificial limitan o manipulan la información que se difunde o se accede en el entorno digital. Esto afecta la libertad de expresión y de información, ya que puede alterar cómo se presenta y comparte la información.",Es la restricción automática de contenido y puede limitar acceso a información.,677,0.02031,1.34
¿Cuáles son los principales riesgos que la IA representa para la privacidad y la protección de datos personales?,"Los principales riesgos que la IA representa para la privacidad y la protección de datos personales incluyen el aprendizaje de datos personales por parte de LLMs, la dificultad de control y responsabilidad debido a la falta de transparencia, y el uso masivo de datos personales que amenaza el derecho a la vida privada. Además, existen preocupaciones sobre la procedencia, autenticidad y sesgos en los datos utilizados.","Filtración de datos, pérdida de privacidad y usos indebidos de información.",650,0.0195,2.38
¿Qué requisitos exige el RGPD frente a la toma de decisiones automatizadas mediante IA?,El RGPD exige que las personas no sean objeto de decisiones automatizadas basadas únicamente en el procesamiento de datos que puedan tener un impacto legal significativo o afectarlas de manera similar.,"Transparencia, supervisión humana y derecho a explicación.",619,0.01857,1.0
"¿Qué instrumentos internacionales recientes abordan la ética de la IA (por ejemplo, UNESCO, G7)?","El instrumento internacional reciente que aborda la ética de la IA es la declaración de Bletchley Park, una iniciativa de cooperación global entre 28 países. Además, la UNESCO ha establecido un marco normativo universal sobre esta cuestión.",Principios éticos y recomendaciones de organismos internacionales modernos.,643,0.01929,1.07
¿Qué supone el fenómeno de la desinformación para las democracias según la Unión Europea?,"La desinformación es considerada uno de los mayores peligros para los países democráticos, ya que puede dañar su estabilidad y sus instituciones.",Amenaza la confianza pública y la calidad del debate democrático.,644,0.01932,3.24
¿Cómo puede el Big Data potenciar la detección y el combate a la desinformación?,"El Big Data permite gestionar y procesar grandes volúmenes de información, lo que facilita el estudio intersectorial de datos para identificar patrones de desinformación. Además, su capacidad de análisis avanzado mejora la operabilidad eficaz de las fuentes de información para contrarrestar la desinformación y el efecto posverdad.",Identifica patrones y facilita intervención rápida.,729,0.02187,1.96
Nombra dos iniciativas o proyectos financiados por la UE para combatir la desinformación con IA.,El contexto proporcionado no menciona iniciativas o proyectos financiados por la UE para combatir la desinformación con IA.,EDMO y SOMA.,598,0.01794,0.92
¿Por qué la alfabetización mediática es clave para abordar los desafíos que presenta la desinformación digital?,"La alfabetización mediática es clave para abordar la desinformación digital porque permite a periodistas, jóvenes y la sociedad identificar y verificar la información, mejorando su capacidad para detectar amenazas de desinformación. Esto es fundamental para informar al público y a las autoridades en España y Portugal sobre estas amenazas.",Permite identificar y resistir la desinformación digital eficazmente.,654,0.019620000000000002,3.78
¿Cómo influye el concepto de “caja negra” en la percepción y el uso de algoritmos de inteligencia artificial en el ámbito educativo?,"El concepto de ""caja negra"" en la inteligencia artificial resalta la falta de transparencia en cómo funcionan los algoritmos, lo que puede generar desconfianza en su uso en el ámbito educativo. Esto subraya la necesidad de no solo considerar sus ventajas, sino también sus posibles efectos negativos.",Genera desconfianza por la falta de transparencia en los procesos de explicación.,693,0.02079,1.41
¿Cuáles son algunos riesgos o efectos negativos del solucionismo tecnológico cuando se implementa IA y Big Data en la educación?,"Algunos riesgos del solucionismo tecnológico en la educación incluyen la recolección y uso de datos sin considerar sus efectos colaterales, y la creciente identificación de niños que puede ir en contra de sus derechos digitales. Además, el uso extensivo de pantallas y la dependencia de algoritmos pueden afectar el desarrollo del alumnado.",Puede generar dependencia tecnológica y descuidar factores pedagógicos.,655,0.01965,3.36
¿Por qué los datos utilizados para entrenar algoritmos educativos pueden ser sesgados y qué impactos puede tener esto en los estudiantes?,"Los datos utilizados para entrenar algoritmos educativos pueden ser sesgados debido a sesgos cognitivos y culturales presentes en su desarrollo. Esto puede influir en las prácticas educativas y determinar negativamente el aprendizaje de los estudiantes, afectando su desarrollo físico, intelectual y emocional.",Pueden perpetuar desigualdades y afectar la equidad educativa.,607,0.01821,1.2
¿Qué papel juegan las plataformas de analítica del aprendizaje y minería de datos en la personalización de la enseñanza y el seguimiento de los estudiantes?,"Las plataformas de analítica del aprendizaje y minería de datos juegan un papel crucial en la personalización de la enseñanza al proporcionar conocimientos detallados sobre el aprendizaje de cada estudiante. Esto permite atender mejor a los estudiantes y aumentar su compromiso con su trayectoria escolar. Además, estas plataformas superan el alcance limitado de los modelos tradicionales de análisis basados solo en notas.","Permiten adaptar la enseñanza y monitorear el avance, aunque plantean retos éticos.",640,0.019200000000000002,2.07
¿Qué desafíos éticos y sociales emergen del uso masivo de datos y algoritmos para la vigilancia y evaluación del alumnado en contextos educativos?,"Los desafíos éticos y sociales incluyen la influencia de los algoritmos en las prácticas educativas y el aprendizaje, siendo susceptibles a sesgos cognitivos y culturales. Además, los efectos pueden ser especialmente perjudiciales para estudiantes vulnerables al enfrentar etiquetas estigmatizantes. También se resalta la falta de objetividad e imparcialidad en los algoritmos desarrollados por humanos.","Riesgos de privacidad, vigilancia excesiva y posible discriminación.",648,0.01944,5.22
¿Cuáles son los objetivos principales del programa de Ingeniería en Inteligencia Artificial de la Universidad de Caldas?,El contexto proporcionado no menciona explícitamente los objetivos principales del programa de Ingeniería en Inteligencia Artificial de la Universidad de Caldas.,Formar ingenieros capaces de diseñar soluciones de IA para múltiples problemas actuales y futuros.,604,0.01812,1.9
¿Qué titulaciones y modalidades ofrece el programa de Ingeniería en Inteligencia Artificial?,El contexto no proporciona detalles específicos sobre las titulaciones y modalidades del programa de Ingeniería en Inteligencia Artificial. Solo menciona la creación del programa y su adscripción a la Facultad de Inteligencia Artificial e Ingenierías.,"Titulación de Ingeniero en IA, normalmente modalidad presencial.",541,0.01623,1.14
"¿Cuáles son las áreas y componentes en los que se estructura el plan de estudios, y cuántos créditos comprende cada una?","El contexto proporcionado no ofrece información sobre las áreas, componentes ni créditos de un plan de estudios.","Ciencias básicas, ingeniería, ética y especialización en IA; créditos varían según área.",589,0.01767,1.37
Menciona tres ejemplos de asignaturas obligatorias durante los primeros semestres del programa.,El contexto proporcionado no menciona ejemplos de asignaturas obligatorias durante los primeros semestres del programa.,"Matemáticas, Fundamentos de Programación y Álgebra Lineal.",597,0.01791,0.93
¿Qué importancia tiene la ética en la formación de los ingenieros en inteligencia artificial en este programa?,El contexto proporcionado no menciona directamente la importancia de la ética en la formación de los ingenieros en inteligencia artificial en el programa de la Universidad de Caldas.,Es esencial para una formación responsable y el desarrollo de soluciones justas.,534,0.01602,0.94
¿Cómo se integra la formación en Machine Learning y Deep Learning en el currículo de la carrera?,El contexto proporcionado no contiene información específica sobre cómo se integra la formación en Machine Learning y Deep Learning en el currículo de la carrera.,Mediante asignaturas específicas y proyectos prácticos enfocados en estas áreas.,608,0.01824,0.82
¿Qué competencias y habilidades se espera que adquieran los estudiantes al finalizar el programa?,"El programa espera que los estudiantes adquieran competencias en colaboración y autonomía promovidas por el aprendizaje mediante Machine Learning (ML), además de habilidades adaptadas a las necesidades específicas de sus carreras, facilitadas por la personalización del aprendizaje a través de la inteligencia artificial.","Análisis de datos, programación avanzada, pensamiento crítico y manejo de herramientas de IA.",592,0.01776,1.71
Enumera al menos tres campos laborales o perfiles profesionales para los egresados del programa.,"Lo siento, el contexto proporcionado no incluye información específica sobre los campos laborales o perfiles profesionales para los egresados del programa de Ingeniería en Inteligencia Artificial de la Universidad de Caldas.","Desarrollador de IA, científico de datos, consultor en transformación digital.",543,0.01629,1.22
¿Qué papel cumplen los laboratorios y los semilleros de investigación dentro de la estructura académica?,El contexto proporcionado no menciona específicamente el papel de los laboratorios y semilleros de investigación dentro de la estructura académica.,Promueven investigación y proyectos colaborativos.,571,0.01713,0.98
¿Cuál es la relación del programa con la transformación digital y las necesidades del mercado laboral actual en Colombia?,"El programa de la Facultad de Inteligencia Artificial de la Universidad de Caldas busca fortalecer la transformación digital en Colombia mediante la oferta de programas académicos y servicios de extensión. Esto permitirá generar conocimiento local y capacitar a profesionales, posicionando al país como un actor relevante en la revolución digital, lo cual responde a las necesidades del mercado laboral actual.",Responde formando profesionales aptos para la innovación y las demandas tecnológicas actuales. ,581,0.01743,2.46
