Pregunta,respuesta,tokens_used,cost_estimated,latency_sec
¿Qué es un agente inteligente en el contexto de la inteligencia artificial y cuáles son sus características principales?,"No se menciona explícitamente el concepto de ""agente inteligente"" en los fragmentos proporcionados. Sin embargo, se menciona que lo que define a los sistemas de IA es la capacidad de procesar y aprender de la información, lo que sugiere que un agente inteligente podría ser un sistema que posee esta capacidad.",804,0.02412,0.81
¿Cuáles son las principales categorías de aprendizaje automático y en qué se diferencian?,"Según el fragmento 3, la mayoría de los métodos de aprendizaje automático se pueden clasificar en tres categorías: 

1. Regresión lineal y logística, que buscan hacer inferencias sobre las relaciones entre variables.
2. Los métodos de aprendizaje automático que buscan comprender las relaciones entre variables.",769,0.02307,0.35
"¿Para qué sirve el test de Turing y cómo se desarrolla conceptualmente el ""juego de imitación""?","El test de Turing, propuesto por Alan Turing en 1950, sirve para determinar si una máquina puede pensar como un ser humano. Se desarrolla conceptualmente a través de un ""juego de imitación"" donde un ser humano interactúa con una máquina y un ser humano, sin saber quién es quién, y evalúa si puede distinguir entre ambos.",734,0.02202,0.38
¿Cuáles son los principales desafíos éticos y legales en la implementación del aprendizaje automático en medicina?,Los principales desafíos éticos en la implementación del aprendizaje automático en medicina son la confianza ciega en las decisiones de los modelos y la necesidad de evaluar software médico basado en criterios de excelencia.,799,0.02397,0.39
¿Qué tipo de retroalimentación académica puede proporcionar ChatGPT según el estudio presentado y cuáles son sus limitaciones?,"Según el estudio, ChatGPT puede proporcionar retroalimentación académica específica para obtener respuestas, pero no se mencionan sus limitaciones en el contexto proporcionado.",649,0.01947,0.32
¿Cómo influye la frecuencia de uso de ChatGPT en la percepción de su efectividad educativa?,"Según el estudio mencionado en el fragmento 1, la clave para evaluar el impacto de ChatGPT como agente inteligente de retroalimentación académica es actualizar periódicamente los estudios sobre su uso e impacto educativo. Esto sugiere que la frecuencia de uso de ChatGPT puede influir en la percepción de su efectividad educativa.",694,0.02082,0.39
¿Qué papel juega la inteligencia artificial en la reducción de la carga clínica y el acceso a sistemas de salud?,"La disponibilidad de información clínica almacenada electrónicamente se ha convertido en una herramienta importante en los sistemas de salud, simplificando la atención médica, reduciendo costos y tiempo de diagnóstico. Esto permite tener al alcance datos médicos almacenados virtualmente, lo que abre la posibilidad de reducir la carga clínica. La inteligencia artificial juega un papel en este proceso.",851,0.02553,0.42
¿Cuáles son algunas aplicaciones concretas del aprendizaje automático en el diagnóstico y tratamiento médico?,"Según el contexto, algunas aplicaciones concretas del aprendizaje automático en el diagnóstico y tratamiento médico incluyen:

- Predecir pronósticos y proporcionar diagnósticos.
- Identificar probables diagnósticos mediante la integración de datos electrónicos de cada paciente.
- Tamizar pacientes, estadificar pacientes por riesgo y asistir a médicos en la toma de decisiones.",823,0.02469,0.37
"¿Cómo se define la inteligencia artificial simbólica y la conexionista, y cuáles son sus diferencias esenciales?","No se proporciona información específica sobre la definición de la inteligencia artificial simbólica y la conexionista en el contexto proporcionado. Sin embargo, se menciona que lo que define a los sistemas de IA es la capacidad de procesar y aprender de la información.",770,0.0231,6.52
¿Qué limitaciones presenta la inteligencia artificial actual según el análisis histórico y teórico?,"Según el análisis de Maria Perez-Ugena, la inteligencia artificial actual presenta limitaciones en términos de transparencia y explicabilidad, como se menciona en la cita de Cotino Hueso (2022).",777,0.02331,7.49
"¿Cómo afectan el aprendizaje supervisado, no supervisado y por refuerzo al desarrollo de modelos predictivos en medicina?","El aprendizaje supervisado se utiliza en modelos predictivos en medicina para entrenar redes neuronales con salidas correctas proporcionadas, como combinación de entrada y salida deseada o evaluación manual del rendimiento. El aprendizaje no supervisado permite a la red generar resultados sin instrucciones ni apoyo externos, mientras que el aprendizaje por refuerzo se utiliza para mejorar el rendimiento de la red mediante la retroalimentación de resultados.",795,0.02385,7.62
¿Cuáles son los riesgos de una sobredependencia tecnológica en el uso de agentes inteligentes en la educación?,"Según el contexto, los riesgos de una sobredependencia tecnológica en el uso de agentes inteligentes en la educación incluyen:

* Sesgos cognitivos y culturales en el desarrollo de algoritmos educativos.
* Influencia directa en las prácticas de los agentes educativos y determinación del aprendizaje del alumnado.
* Desarrollo de capacidades limitadas en los usuarios.",717,0.02151,7.58
¿Qué importancia tiene la explicación pedagógica y la ética en la implementación de ChatGPT en la educación universitaria?,"La explicación pedagógica y la ética son fundamentales en la implementación de ChatGPT en la educación universitaria, ya que es esencial evaluar su impacto en el desarrollo estudiantil y revisar continuamente su implementación de manera ética.",716,0.02148,6.59
¿Qué pruebas y análisis estadísticos se utilizaron para evaluar la percepción y el uso de ChatGPT en el estudio presentado?,"No se proporciona información específica sobre las pruebas y análisis estadísticos utilizados en el estudio. Sin embargo, se menciona que los estudiantes reportaron un uso intensivo de ChatGPT con promedios superiores a 4 puntos en una escala de cinco.",689,0.02067,7.58
"¿Cómo aborda el documento ""Computing Machinery and Intelligence"" de Alan Turing la pregunta sobre la capacidad de las máquinas para pensar?","En su artículo ""Computing Machinery and Intelligence"" de 1950, Alan Turing propuso la prueba de Turing para sustituir la pregunta ""Pueden pensar las máquinas?"" (Saygin et al., 2000).",705,0.021150000000000002,6.56
¿Qué diferencia hay entre el preentrenamiento y el ajuste fino (fine-tuning) en los LLMs?,"La diferencia principal entre el preentrenamiento y el ajuste fino (fine-tuning) en los LLMs es que el preentrenamiento utiliza una gran cantidad de datos y tarda mucho tiempo, mientras que el fine-tuning es más rápido y utiliza menos datos.",713,0.02139,7.56
¿Para qué tareas de calidad del dato se usan habitualmente los LLMs en las organizaciones?,"Según el contexto, los LLMs se usan habitualmente para realizar tareas de calidad del dato, específicamente para verificar la eficacia de los LLMs en estas tareas y para resolver problemas de calidad del dato.",643,0.01929,6.55
¿Cuáles son las principales arquitecturas en las que se categorizan los LLMs modernos?,"Las principales arquitecturas de los LLMs mencionadas en el contexto son las arquitecturas más recientes, como el caso de GPT-4, que no han sido publicadas, y otras arquitecturas comunes, aunque no se especifican en el contexto.",734,0.02202,6.62
¿Cómo se define la “ventana de contexto” de un modelo de lenguaje y por qué es relevante?,"La ""ventana de contexto"" de un modelo de lenguaje se define como el límite máximo de cada consulta que se puede presentar a un LLM. Esta limitación puede afectar el procesamiento de textos largos y hacer que el modelo pierda información relevante.",664,0.01992,6.55
¿Qué función cumple el RLHF (Reinforcement Learning from Human Feedback) en modelos como ChatGPT?,"El RLHF (Reinforcement Learning from Human Feedback) en modelos como InstructGPT cumple la función de mejorar la ejecución de tareas, reducir respuestas no deseadas y personalizar conversaciones con humanos. Esta técnica se utiliza para reforzar el aprendizaje del modelo a partir de retroalimentación humana.",751,0.02253,7.58
¿Cuál es el objetivo principal de la ingeniería de prompts?,"El objetivo principal de la ingeniería de prompts es optimizar las instrucciones que se proporcionan a los modelos de lenguaje grande (LLMs) para mejorar la calidad y estandarización de los datos. Los prompts deben ser concisos, alineados con la tarea y tener suficiente contexto.",695,0.02085,7.6
¿Por qué es importante la reducción de información personal identificable (PII) en los conjuntos de datos de entrenamiento?,"La reducción de información personal identificable (PII) es importante para eliminar la información personal que puede ser utilizada para identificar a individuos, protegiendo así su privacidad. Esto se realiza para evitar que los modelos aprendan datos personales y posteriormente revelen detalles privados.",685,0.02055,6.61
¿Cuáles son los principales retos éticos relacionados con el uso de LLMs en el tratamiento de datos?,"No se mencionan explícitamente retos éticos relacionados con el uso de LLMs en el tratamiento de datos en los fragmentos proporcionados. Sin embargo, se sugiere que la viabilidad de utilizar LLMs para corregir la mala calidad de los datos transaccionales es un objetivo importante.",711,0.021330000000000002,6.65
¿Qué tipo de técnicas se recomiendan para mejorar la calidad de un prompt?,"Se recomiendan las siguientes técnicas para mejorar la calidad de un prompt:

- Incluir ejemplos dentro del prompt para demostrar el formato deseado de la respuesta.
- Diseñar promtps evitando los sesgos de los LLMs, utilizando un lenguaje neutro y siendo consciente de las posibles implicaciones éticas y sociales.",707,0.02121,7.59
¿En qué consiste el método de imputación de datos y qué papel pueden jugar los LLMs en él?,"No se menciona explícitamente el método de imputación de datos en el contexto proporcionado. Sin embargo, se menciona que los LLMs pueden corregir datos con mala calidad, lo que sugiere que pueden jugar un papel en la imputación de datos, pero no se proporciona más información al respecto.",750,0.0225,7.61
¿Por qué la “explicabilidad” es un desafío en los grandes modelos de lenguaje?,"La ""explicabilidad"" es un desafío en los grandes modelos de lenguaje debido a su complejidad y variabilidad, que les hace difícil interpretar la complejidad y variabilidad del lenguaje natural.",709,0.02127,6.55
¿De qué forma se determina la calidad de los datos y cuáles son sus dimensiones básicas?,"La calidad de los datos se determina mediante las dimensiones, que son características que evalúan la calidad de los datos. Según UK Government Data Quality Hub (2021), las dimensiones básicas de la calidad de los datos son la Precisión, que se refiere a la exactitud con la que los datos representan la realidad.",680,0.0204,6.54
¿Qué diferencia hay entre un benchmark basado en pruebas humanas y uno automatizado para evaluar LLMs?,"Un benchmark basado en pruebas humanas se utiliza para evaluar las habilidades de los modelos en tareas específicas, mientras que un benchmark automatizado utiliza pruebas creadas por el propio modelo para evaluar su eficacia en tareas de calidad del dato.",726,0.02178,7.58
¿Qué impacto puede tener la mala calidad del dato en el análisis y toma de decisiones?,"La mala calidad del dato puede afectar negativamente la precisión y confiabilidad del análisis y la toma de decisiones, lo que puede llevar a conclusiones incorrectas y decisiones poco informadas. Esto puede tener graves consecuencias en las organizaciones, empresas y gobiernos.",694,0.02082,6.51
¿Cuáles son dos limitaciones principales al implementar LLMs para tareas de calidad del dato en entornos reales?,"Las dos limitaciones principales al implementar LLMs para tareas de calidad del dato en entornos reales son:

1. Problemas de fiabilidad y errores esporádicos que pueden ser inaceptables en ciertos sectores.
2. Limitaciones de efectividad y coste computacional elevado, especialmente para datos privados o de dominio muy específico, y problemas de escalabilidad a largo plazo.",718,0.02154,7.63
¿Cómo define la Unión Europea a un “sistema de inteligencia artificial” en el contexto regulatorio?,"La Unión Europea no proporciona una definición explícita de un ""sistema de inteligencia artificial"" en el contexto regulatorio proporcionado.",755,0.02265,7.51
¿Qué papel juega la explicabilidad en la regulación y aceptación social de los sistemas de IA?,"La explicabilidad no se menciona explícitamente en el contexto proporcionado como un factor clave en la regulación y aceptación social de los sistemas de IA. Sin embargo, se sugiere que la transparencia y el control sobre las acciones de la IA son importantes para evitar daños a los derechos fundamentales.",763,0.02289,7.53
¿Cuál es la diferencia entre IA estrecha (débil) e IA fuerte según la literatura jurídica?,No se menciona explícitamente la diferencia entre IA estrecha (débil) e IA fuerte en el contexto proporcionado.,720,0.0216,7.61
¿Por qué la autonomía de los sistemas de IA puede suponer un reto legal y ético?,"La autonomía de los sistemas de IA puede suponer un reto legal y ético debido a que sus decisiones no son trazables ni explicables, lo que va en contra de la característica fundamental de las leyes, que es su aplicabilidad generalizada. Además, los avances tecnológicos en IA no son claramente previsibles, lo que complica la creación de un marco regulador efectivo.",785,0.02355,7.6
¿Qué derechos fundamentales pueden verse afectados por el uso de inteligencia artificial en procesos judiciales?,El derecho a la tutela judicial efectiva y los derechos y libertades de las personas pueden verse afectados por el uso de inteligencia artificial en procesos judiciales.,764,0.02292,7.54
¿Cuáles son las cuatro categorías de riesgo para sistemas de IA en la regulación europea?,"No se mencionan explícitamente las cuatro categorías de riesgo para sistemas de IA en la regulación europea en los fragmentos proporcionados. Sin embargo, se menciona que el artículo de Pérez-Ugena estructura la referencia sobre cómo afectan los sistemas IA al régimen de derechos fundamentales en cuatro apartados, pero no se especifican estos apartados en el contexto proporcionado.",792,0.02376,7.6
"¿Qué obligaciones de transparencia existen para los sistemas de IA generativa, según la regulación de la UE?","Según el contexto, la regulación de la UE sobre sistemas de IA generativa tiene en cuenta la probabilidad de danos derivados, y pretende situarse como un líder mundial en el desarrollo de sistemas IA seguros y éticos.",764,0.02292,7.55
¿Qué se entiende por “censura algorítmica” y cómo puede afectar la libertad de expresión?,"La censura algorítmica se refiere al fenómeno por el cual los sistemas de inteligencia artificial (IA) limitan o manipulan la información que se difunde o se accede en el entorno digital, afectando a la libertad de expresión y de información. Esto puede tener diversas causas y consecuencias relacionadas con el diseño, el funcionamiento y el uso de los sistemas de IA.",825,0.02475,8.56
¿Cuáles son los principales riesgos que la IA representa para la privacidad y la protección de datos personales?,"Los principales riesgos que la IA representa para la privacidad y la protección de datos personales son:

- Uso masivo de datos personales por parte de los sistemas de IA.
- Riesgos de sesgos, discriminaciones, desinformación y ciberataques.
- Creación de perfiles que involucran valoraciones o juicios sobre individuos.",754,0.02262,7.54
¿Qué requisitos exige el RGPD frente a la toma de decisiones automatizadas mediante IA?,El RGPD exige una especial limitación aplicable a los sistemas de IA y referida a la toma de decisiones automatizadas. Las personas tienen derecho a no ser sujetas a decisiones automatizadas que puedan tener un impacto legal significativo en ellas o afectarlas de manera similar. Todo interesado tiene derecho a no ser objeto de una decisión basada unicamente en el tratamiento automatizado.,786,0.02358,7.56
"¿Qué instrumentos internacionales recientes abordan la ética de la IA (por ejemplo, UNESCO, G7)?",La UNESCO ha establecido el primer marco normativo universal sobre la inteligencia artificial. La Declaración de Bletchley Park es otra iniciativa de cooperación global que aborda la ética de la IA.,758,0.02274,7.52
¿Qué supone el fenómeno de la desinformación para las democracias según la Unión Europea?,"Según la Unión Europea, la desinformación es uno de los mayores peligros para los países democráticos, que puede dañar su estabilidad y sus instituciones.",754,0.02262,7.57
¿Cómo puede el Big Data potenciar la detección y el combate a la desinformación?,"El Big Data puede potenciar la detección y el combate a la desinformación mediante la investigación y el estudio intersectoriales de grandes conjuntos de datos, y mediante un esquema de operabilidad eficaz para las fuentes de información. Esto permite identificar patrones y tendencias en la desinformación, y tomar medidas efectivas para contrarrestarla.",845,0.02535,8.57
Nombra dos iniciativas o proyectos financiados por la UE para combatir la desinformación con IA.,No hay información en el contexto proporcionado sobre iniciativas o proyectos financiados por la UE para combatir la desinformación con IA.,714,0.02142,7.52
¿Por qué la alfabetización mediática es clave para abordar los desafíos que presenta la desinformación digital?,"La alfabetización mediática es clave para abordar los desafíos de la desinformación digital porque permite a la sociedad en su conjunto, incluyendo a jóvenes y periodistas, desarrollar habilidades para distinguir entre información veraz y falsa. Esto se refleja en el objetivo del proyecto de impulsar iniciativas de alfabetización mediática.",787,0.02361,7.62
¿Cómo influye el concepto de “caja negra” en la percepción y el uso de algoritmos de inteligencia artificial en el ámbito educativo?,"El concepto de ""caja negra"" en la inteligencia artificial se refiere a algoritmos que se presentan como sistemas cerrados y no transparentes. Esto puede generar preocupaciones éticas y limitar la capacidad de comprender y evaluar su impacto en la educación.",805,0.02415,7.56
¿Cuáles son algunos riesgos o efectos negativos del solucionismo tecnológico cuando se implementa IA y Big Data en la educación?,"Según el texto, algunos riesgos o efectos negativos del solucionismo tecnológico en la educación son: 

- La identificación de niños y niñas sin considerar sus derechos digitales.
- La recopilación y uso de datos sin tener en cuenta sus efectos colaterales.",761,0.02283,7.53
¿Por qué los datos utilizados para entrenar algoritmos educativos pueden ser sesgados y qué impactos puede tener esto en los estudiantes?,Los datos utilizados para entrenar algoritmos educativos pueden ser sesgados debido a sesgos cognitivos y culturales. Esto puede influir directamente en las prácticas de los agentes educativos y determinar el aprendizaje del alumnado.,717,0.02151,7.54
¿Qué papel juegan las plataformas de analítica del aprendizaje y minería de datos en la personalización de la enseñanza y el seguimiento de los estudiantes?,"Las plataformas de analítica del aprendizaje y minería de datos se utilizan para personalizar la enseñanza y el seguimiento de los estudiantes, proporcionando conocimientos que ayudan a identificar las dificultades de cada estudiante. Estas plataformas se utilizan para analizar datos y crear modelos que permitan una mejor atención y compromiso con la trayectoria escolar de cada estudiante.",774,0.02322,7.66
¿Qué desafíos éticos y sociales emergen del uso masivo de datos y algoritmos para la vigilancia y evaluación del alumnado en contextos educativos?,"Los desafíos éticos y sociales emergentes del uso masivo de datos y algoritmos en educación incluyen sesgos cognitivos y culturales, influencia en prácticas educativas y determinación del aprendizaje, y efectos perversos en niños, niñas y jóvenes vulnerables.",750,0.0225,7.55
¿Cuáles son los objetivos principales del programa de Ingeniería en Inteligencia Artificial de la Universidad de Caldas?,"No se mencionan los objetivos principales del programa de Ingeniería en Inteligencia Artificial en los fragmentos proporcionados. Sin embargo, se menciona que el programa estará adscrito a la Facultad de Inteligencia Artificial e Ingenierías y tendrá una duración de 4 años con un total de 144 créditos académicos.",753,0.02259,7.57
¿Qué titulaciones y modalidades ofrece el programa de Ingeniería en Inteligencia Artificial?,No se proporciona información sobre las titulaciones y modalidades ofrecidas por el programa de Ingeniería en Inteligencia Artificial en el contexto proporcionado.,633,0.01899,6.54
"¿Cuáles son las áreas y componentes en los que se estructura el plan de estudios, y cuántos créditos comprende cada una?","Lo siento, pero no hay información sobre el plan de estudios en el contexto proporcionado.",709,0.02127,7.52
Menciona tres ejemplos de asignaturas obligatorias durante los primeros semestres del programa.,"No hay información sobre asignaturas obligatorias en el contexto proporcionado. Sin embargo, se menciona que las empresas de riesgo mínimo quedan sometidas a obligaciones básicas de transparencia, como garantizar la accesibilidad a su documentación técnica.",750,0.0225,6.53
¿Qué importancia tiene la ética en la formación de los ingenieros en inteligencia artificial en este programa?,No se encuentra información específica sobre la importancia de la ética en la formación de los ingenieros en inteligencia artificial en el contexto proporcionado.,639,0.01917,6.45
¿Cómo se integra la formación en Machine Learning y Deep Learning en el currículo de la carrera?,"La integración de la formación en Machine Learning y Deep Learning en el currículo de la carrera se enfoca en el desarrollo de competencias en la educación superior, promoviendo la colaboración y autonomía del estudiante. Este enfoque se basa en el concepto de Machine Learning como una nueva forma de aprendizaje.",758,0.02274,7.6
¿Qué competencias y habilidades se espera que adquieran los estudiantes al finalizar el programa?,"Según el contexto, se espera que los estudiantes adquieran competencias en la educación superior y habilidades como la colaboración y la autonomía, gracias al enfoque de integración de la IA en prácticas educativas.",683,0.02049,6.62
Enumera al menos tres campos laborales o perfiles profesionales para los egresados del programa.,"No se encontró información específica sobre campos laborales o perfiles profesionales para los egresados del programa de Ingeniería en Inteligencia Artificial en el contexto proporcionado. Sin embargo, se menciona que el programa forma profesionales con sólidas bases científicas, lo que sugiere que los egresados podrían desempeñarse en campos relacionados con la inteligencia artificial, la informática, la ciencia de datos o la tecnología.",712,0.02136,6.61
¿Qué papel cumplen los laboratorios y los semilleros de investigación dentro de la estructura académica?,"Según el Fragmento 2, los laboratorios y los semilleros de investigación no están mencionados explícitamente. Sin embargo, se menciona que las universidades tienen el derecho de ""crear, organizar y desarrollar sus programas académicos"" y ""definir y organizar sus labores formativas, académicas, docentes, científicas y culturales"".",733,0.02199,7.57
¿Cuál es la relación del programa con la transformación digital y las necesidades del mercado laboral actual en Colombia?,"La relación del programa con la transformación digital y las necesidades del mercado laboral actual en Colombia es fortalecer la cultura de la transformación digital en las regiones, capacitando a profesionales y generando conocimiento local para que Colombia sea un actor relevante en la revolución digital.",671,0.020130000000000002,6.55
